Feature,Importance
Watersheds,0.051827421568859805
IneffectiveDisasterPreparedness,0.05139273499260507
Siltation,0.051038313672579286
DamsQuality,0.05084980109970185
TopographyDrainage,0.05059485007552878
ClimateChange,0.05035085690957432
MonsoonIntensity,0.05032581888761612
Deforestation,0.05030839192326487
PoliticalFactors,0.05009178804285311
DeterioratingInfrastructure,0.04997846704250676
